[
  {
    "name": "Ocarina of Time",
    "type": "static",
    "img": "images/items/ocarina.png",
    "codes": "ocarina"
  },
  {
    "name": "Bow",
    "type": "progressive",
    "allow_disabled": false,
    "stages": [
      {
        "img": "images/items/bow.png",
        "img_mods": "@disabled"
      },
      {
        "img": "images/items/bow.png",
        "img_mods": "overlay|images/icons/overlay_30.png",
        "codes": "bow"
      },
      {
        "img": "images/items/bow.png",
        "img_mods": "overlay|images/icons/overlay_40.png",
        "codes": "bow"
      },
      {
        "img": "images/items/bow.png",
        "img_mods": "overlay|images/icons/overlay_50_green.png",
        "codes": "bow"
      }
    ]
  },
  {
    "name": "Fire Arrows",
    "type": "toggle",
    "img": "images/items/fire_arrow.png",
    "codes": "firearrow,fire,farrow,fa"
  },
  {
    "name": "Ice Arrows",
    "type": "toggle",
    "img": "images/items/ice_arrow.png",
    "codes": "icearrow,ice,iarrow,ia"
  },
  {
    "name": "Light Arrows",
    "type": "toggle",
    "img": "images/items/light_arrow.png",
    "codes": "lightarrow,light,larrow,la"
  },
  {
    "name": "Moon Tear",
    "type": "toggle",
    "img": "images/items/moon_tear.png",
    "codes": "moontear"
  },
  {
    "name": "Land Deed",
    "type": "toggle",
    "img": "images/items/land_deed.png",
    "codes": "landdeed"
  },
  {
    "name": "Swamp Deed",
    "type": "toggle",
    "img": "images/items/swamp_deed.png",
    "codes": "swampdeed"
  },
  {
    "name": "Mountain Deed",
    "type": "toggle",
    "img": "images/items/mountain_deed.png",
    "codes": "mountaindeed"
  },
  {
    "name": "Ocean Deed",
    "type": "toggle",
    "img": "images/items/ocean_deed.png",
    "codes": "oceandeed"
  },
  {
    "name": "Bombs",
    "type": "progressive",
    "allow_disabled": false,
    "stages":
    [
      {
        "img": "images/items/bomb.png",
        "img_mods": "@disabled"
      },
      {
        "img": "images/items/bomb.png",
        "img_mods": "overlay|images/icons/overlay_20.png",
        "codes": "bombbag,bombs"
      },
      {
        "img": "images/items/bomb.png",
        "img_mods": "overlay|images/icons/overlay_30.png"
      },
      {
        "img": "images/items/bomb.png",
        "img_mods": "overlay|images/icons/overlay_40_green.png"
      }
    ]
  },
  {
    "name": "Bombchu",
    "type": "toggle",
    "img": "images/items/bombchu.png",
    "codes": "bombchu,bombchus,chus"
  },
  {
    "name": "Deku Sticks",
    "type": "toggle",
    "img": "images/items/stick.png",
    "codes": "dekusticks,sticks,ds"
  },
  {
    "name": "Deku Nuts",
    "type": "toggle",
    "img": "images/items/nut.png",
    "codes": "dekunuts,nuts,dn"
  },
  {
    "name": "Magic Beans",
    "type": "consumable",
    "img": "images/items/bean.png",
    "codes": "magicbeans,beans",
    "max_quantity": 10
  },
  {
    "name": "Room Key",
    "type": "toggle",
    "img": "images/items/room_key.png",
    "codes": "roomkey"
  },
  {
    "name": "Express Letter",
    "type": "toggle",
    "img": "images/items/express.png",
    "codes": "express,mamaletter"
  },
  {
    "name": "Powder Keg",
    "type": "toggle",
    "img": "images/items/keg.png",
    "codes": "powderkeg,keg"
  },
  {
    "name": "Pictobox",
    "type": "toggle",
    "img": "images/items/camera.png",
    "codes": "pictobox,picto"
  },
  {
    "name": "Lens of Truth",
    "type": "toggle",
    "img": "images/items/lens.png",
    "codes": "lensoftruth,lens,lot"
  },
  {
    "name": "Hookshot",
    "type": "toggle",
    "img": "images/items/hookshot.png",
    "codes": "hookshot,hs"
  },
  {
    "name": "Great Fairy Sword",
    "type": "toggle",
    "img": "images/items/fairy_sword.png",
    "codes": "fairysword,gfs"
  },
  {
    "name": "Letter to Kafei",
    "type": "toggle",
    "img": "images/items/kafei_letter.png",
    "codes": "kafeiletter"
  },
  {
    "name": "Pendant of Memories",
    "type": "toggle",
    "img": "images/items/pendant.png",
    "codes": "memoriespendant,pendant"
  },
  {
    "name": "Bottle 1",
    "type": "toggle",
    "img": "images/items/bottle.png",
    "codes": "bottle_1,bottle"
  },
  {
    "name": "Bottle 2",
    "type": "toggle",
    "img": "images/items/bottle.png",
    "codes": "bottle_2,bottle"
  },
  {
    "name": "Bottle 3",
    "type": "toggle",
    "img": "images/items/bottle.png",
    "codes": "bottle_3,bottle"
  },
  {
    "name": "Bottle 4",
    "type": "toggle",
    "img": "images/items/bottle.png",
    "codes": "bottle_4,bottle"
  },
  {
    "name": "Bottle 5",
    "type": "toggle",
    "img": "images/items/bottle.png",
    "codes": "bottle_5,bottle"
  },
  {
    "name": "Bottle 6",
    "type": "toggle",
    "img": "images/items/bottle.png",
    "codes": "bottle_6,bottle"
  },
  {
    "name": "Red Potion",
    "type": "toggle",
    "img": "images/items/bottle_red.png",
    "codes": "redpotion"
  },
  {
    "name": "Blue Potion",
    "type": "toggle",
    "img": "images/items/bottle_blue.png",
    "codes": "bluepotion"
  },
  {
    "name": "Chateau Romani",
    "type": "toggle",
    "img": "images/items/chateau.png",
    "codes": "chateau"
  }
]