[
    {
      "name": "Dungeons",
      "children": [
        {
          "name": "Woodfall Temple",
          "chest_unopened_img": "images/icons/chest_unopened.png",
          "chest_opened_img": "images/icons/chest_opened.png",
          "access_rules": ["$play_sonata,deku"],
          "sections": [
            {
              "name": "Woodfall Temple Entrance Chest",
              "access_rules": [""]
            },
            {
              "name": "Woodfall Temple Wooden Flower Switch Chest",
              "access_rules": ["bow"]
            },
            {
              "name": "Woodfall Temple Moving Flower Platform Room Chest",
              "access_rules": [""]
            },
            {
              "name": "Woodfall Temple Gagwab Chest",
              "access_rules": [""]
            },
            {
              "name": "Woodfall Temple Dinofols Chest",
              "access_rules": ["bow, $smack_hard"]
            },
            {
              "name": "Woodfall Temple Boss Key Chest",
              "access_rules": ["bow"]
            },
            {
              "name": "Woodfall Temple Dragonfly Chest",
              "access_rules": ["sk_wf"]
            },
            {
              "name": "Woodfall Temple Black Boe Room Chest",
              "access_rules": ["sk_wf"]
            },
            {
              "name": "Woodfall Temple Entrance Freestanding SF",
              "chest_unopened_img": "images/equipment/fairy_wf.png",
              "chest_opened_img": "images/equipment/fairy_grey.png",
              "access_rules": [""]
            },
            {
              "name": "Woodfall Temple Wooden Flower Deku Baba SF",
              "chest_unopened_img": "images/equipment/fairy_wf.png",
              "chest_opened_img": "images/equipment/fairy_grey.png",
              "access_rules": [""]
            },
            {
              "name": "Woodfall Temple Wooden Flower Bubble SF",
              "chest_unopened_img": "images/equipment/fairy_wf.png",
              "chest_opened_img": "images/equipment/fairy_grey.png",
              "access_rules": ["bow"]
            },
            {
              "name": "Woodfall Temple Wooden Flower Pot SF",
              "chest_unopened_img": "images/equipment/fairy_wf.png",
              "chest_opened_img": "images/equipment/fairy_grey.png",
              "access_rules": [""]
            },
            {
              "name": "Woodfall Temple Moving Flower Platform Room Beehive SF",
              "chest_unopened_img": "images/equipment/fairy_wf.png",
              "chest_opened_img": "images/equipment/fairy_grey.png",
              "access_rules": ["fairymask, $projectiles"]
            },
            {
              "name": "Woodfall Temple Push Block Skulltula SF",
              "chest_unopened_img": "images/equipment/fairy_wf.png",
              "chest_opened_img": "images/equipment/fairy_grey.png",
              "access_rules": ["sk_wf, $smack_hard"]
            },
            {
              "name": "Woodfall Temple Push Block Bubble SF",
              "chest_unopened_img": "images/equipment/fairy_wf.png",
              "chest_opened_img": "images/equipment/fairy_grey.png",
              "access_rules": ["sk_wf, fairymask, $projectiles"]
            },
            {
              "name": "Woodfall Temple Push Block Beehive SF",
              "chest_unopened_img": "images/equipment/fairy_wf.png",
              "chest_opened_img": "images/equipment/fairy_grey.png",
              "access_rules": ["sk_wf, fairymask, $projectiles"]
            },
            {
              "name": "Woodfall Temple Final Room Right Upper Platform SF",
              "chest_unopened_img": "images/equipment/fairy_wf.png",
              "chest_opened_img": "images/equipment/fairy_grey.png",
              "access_rules": ["bow"]
            },
            {
              "name": "Woodfall Temple Final Room Right Lower Platform SF",
              "chest_unopened_img": "images/equipment/fairy_wf.png",
              "chest_opened_img": "images/equipment/fairy_grey.png",
              "access_rules": ["bow"]
            },
            {
              "name": "Woodfall Temple Final Room Left Upper Platform SF",
              "chest_unopened_img": "images/equipment/fairy_wf.png",
              "chest_opened_img": "images/equipment/fairy_grey.png",
              "access_rules": ["bow"]
            },
            {
              "name": "Woodfall Temple Final Room Bubble SF",
              "chest_unopened_img": "images/equipment/fairy_wf.png",
              "chest_opened_img": "images/equipment/fairy_grey.png",
              "access_rules": ["bow, fairymask"]
            },
            {
              "name": "Woodfall Temple Heart Container",
              "access_rules": ["bk_wf, bow","odolwa, bow"]
            },
            {
              "name": "Woodfall Temple Odolwa's Remains",
              "access_rules": ["bk_wf, bow","odolwa, bow"],
              "hosted_item": "boss_odolwa_hosted"
            }
      
          ],
          "map_locations": [
            {
              "map": "termina",
              "x": 542,
              "y": 478
            }
          ]
        },
        {
          "name": "Swamp Spider House",
          "chest_unopened_img": "images/equipment/skull_ss.png",
          "chest_opened_img": "images/equipment/skull_grey.png",
          "sections": [
            {
              "name": "Collect 30 Tokens",
              "chest_unopened_img": "images/masks/truth.png",
              "chest_opened_img": "images/masks/truth_checked.png",
              "access_rules": ["$has|skull_ss|30"]
            },
            {
              "name": "Swamphouse First Room Pot Near Entrance Token",
              "access_rules": ["$smack"]
            },
            {
              "name": "Swamphouse First Room Crawling In Water Token",
              "access_rules": ["$smack"]
            },
            {
              "name": "Swamphouse First Room Crawling Right Column Token",
              "access_rules": ["$smack,hookshot"]
            },
            {
              "name": "Swamphouse First Room Crawling Left Column Token",
              "access_rules": ["$smack,hookshot"]
            },
            {
              "name": "Swamphouse First Room Against Far Wall Token",
              "access_rules": ["$smack,hookshot,$plant_beans"]
            },
            {
              "name": "Swamphouse First Room Left Bugpatch Token",
              "access_rules": ["$smack,bottle"]
            },
            {
              "name": "Swamphouse First Room Right Bugpatch Token",
              "access_rules": ["$smack,bottle"]
            },
            {
              "name": "Swamphouse First Room Upper Right Bugpatch Token",
              "access_rules": ["$smack,bottle"]
            },
            {
              "name": "Swamphouse Monument Room Left Crate Token",
              "access_rules": ["$smack"]
            },
            {
              "name": "Swamphouse Monument Room Right Crate Token",
              "access_rules": ["$smack"]
            },
            {
              "name": "Swamphouse Monument Room Crawling Wall Token",
              "access_rules": ["$smack,hookshot,$plant_beans"]
            },
            {
              "name": "Swamphouse Monument Room Crawling On Monument Token",
              "access_rules": ["$smack,hookshot,$plant_beans"]
            },
            {
              "name": "Swamphouse Monument Room Behind Torch Token",
              "access_rules": ["$smack"]
            },
            {
              "name": "Swamphouse Pottery Room Beehive #1 Token",
              "access_rules": ["$smack,$projectiles"]
            },
            {
              "name": "Swamphouse Pottery Room Beehive #2 Token",
              "access_rules": ["$smack,$projectiles"]
            },
            {
              "name": "Swamphouse Pottery Room Small Pot Token",
              "access_rules": ["$smack"]
            },
            {
              "name": "Swamphouse Pottery Room Left Large Pot Token",
              "access_rules": ["$smack"]
            },
            {
              "name": "Swamphouse Pottery Room Right Large Pot Token",
              "access_rules": ["$smack"]
            },
            {
              "name": "Swamphouse Pottery Room Behind Vines Token",
              "access_rules": ["$smack_hard"]
            },
            {
              "name": "Swamphouse Pottery Room Upper Wall Token",
              "access_rules": ["$smack,$play_sonata,deku,hookshot"]
            },
            {
              "name": "Swamphouse Golden Room Crawling Left Wall Token",
              "access_rules": ["$smack,$play_sonata,deku,hookshot"]
            },
            {
              "name": "Swamphouse Golden Room Crawling Right Column Token",
              "access_rules": ["$smack,hookshot"]
            },
            {
              "name": "Swamphouse Golden Room Against Far Wall Token",
              "access_rules": ["$smack,hookshot,$plant_beans"]
            },
            {
              "name": "Swamphouse Golden Room Beehive Token",
              "access_rules": ["$smack,$projectiles"]
            },
            {
              "name": "Swamphouse Tree Room Tall Grass #1 Token",
              "access_rules": ["$smack"]
            },
            {
              "name": "Swamphouse Tree Room Tall Grass #2 Token",
              "access_rules": ["$smack"]
            },
            {
              "name": "Swamphouse Tree Room Tree #1 Token",
              "access_rules": ["$smack"]
            },
            {
              "name": "Swamphouse Tree Room Tree #2 Token",
              "access_rules": ["$smack"]
            },
            {
              "name": "Swamphouse Tree Room Tree #3 Token",
              "access_rules": ["$smack"]
            },
            {
              "name": "Swamphouse Tree Room Beehive Token",
              "access_rules": ["$smack,$projectiles"]
            }
          ],
          "map_locations": [
            {
              "map": "termina",
              "x": 494,
              "y": 518
            }
          ]
        }
      ]
    }
]