﻿{
    "tracker_broadcast": {
        "type": "array",
        "orientation": "vertical",
        "margin": "0,0",
        "content": [
            {
                "type": "group",
                "header": "Items",
                "dock": "top",
                "content": {
                    "type": "layout",
                    "key": "item_grid"
                }
            },
            {
                "type": "group",
                "header": "Dungeon Items",
                "dock": "bottom",
                "margin": "0,0,3,0",
                "content": {
                    "type": "layout",
                    "key": "dungeon_grid"
                }
            }
        ]
    }
}