{
    "dungeon_grid": {
      "type": "array",
      "orientation": "vertical",
      "content": [
        {
          "type": "array",
          "orientation": "horizontal",
          "content": [
            {
              "type": "array",
              "orientation": "vertical",
              "content": [
                {
                  "type": "array",
                  "orientation": "horizontal",
                  "margin": "0,0",
                  "scale": 0.9,
                  "content": [
                    {
                      "type": "item",
                      "item": "wftreward",
                      "margin": "2,1",
                      "width": 28,
                      "height": 28
                    },
                    {
                      "type": "item",
                      "item": "sk_wf",
                      "margin": "2,1",
                      "width": 28,
                      "height": 28
                    },
                    {
                      "type": "item",
                      "item": "bk_wf",
                      "margin": "2,1",
                      "width": 28,
                      "height": 28
                    },
                    {
                      "type": "item",
                      "item": "fairy_wf",
                      "margin": "2,1",
                      "width": 32,
                      "height": 32
                    }
                  ]
                }
              ]
            },
            {
              "type": "array",
              "orientation": "vertical",
              "content": [
                {
                  "type": "array",
                  "orientation": "horizontal",
                  "margin": "0,0",
                  "scale": 0.9,
                  "content": [
                    {
                      "type": "item",
                      "item": "shtreward",
                      "margin": "2,1",
                      "width": 28,
                      "height": 28
                    },
                    {
                      "type": "item",
                      "item": "sk_sh",
                      "margin": "2,1",
                      "width": 28,
                      "height": 28
                    },
                    {
                      "type": "item",
                      "item": "bk_sh",
                      "margin": "2,1",
                      "width": 28,
                      "height": 28
                    },
                    {
                      "type": "item",
                      "item": "fairy_sh",
                      "margin": "2,1",
                      "width": 32,
                      "height": 32
                    }
                  ]
                }
              ]
            }
          ]
        },
        {
          "type": "array",
          "orientation": "horizontal",
          "content": [
            {
              "type": "array",
              "orientation": "vertical",
              "content": [
                {
                  "type": "array",
                  "orientation": "horizontal",
                  "margin": "0,0",
                  "scale": 0.9,
                  "content": [
                    {
                      "type": "item",
                      "item": "gbtreward",
                      "margin": "2,1",
                      "width": 28,
                      "height": 28
                    },
                    {
                      "type": "item",
                      "item": "sk_gb",
                      "margin": "2,1",
                      "width": 28,
                      "height": 28
                    },
                    {
                      "type": "item",
                      "item": "bk_gb",
                      "margin": "2,1",
                      "width": 28,
                      "height": 28
                    },
                    {
                      "type": "item",
                      "item": "fairy_gb",
                      "margin": "2,1",
                      "width": 32,
                      "height": 32
                    }
                  ]
                }
              ]
            },
            {
              "type": "array",
              "orientation": "vertical",
              "content": [
                {
                  "type": "array",
                  "orientation": "horizontal",
                  "margin": "0,0",
                  "scale": 0.9,
                  "content": [
                    {
                      "type": "item",
                      "item": "sttreward",
                      "margin": "2,1",
                      "width": 28,
                      "height": 28
                    },
                    {
                      "type": "item",
                      "item": "sk_st",
                      "margin": "2,1",
                      "width": 28,
                      "height": 28
                    },
                    {
                      "type": "item",
                      "item": "bk_st",
                      "margin": "2,1",
                      "width": 28,
                      "height": 28
                    },
                    {
                      "type": "item",
                      "item": "fairy_st",
                      "margin": "2,1",
                      "width": 32,
                      "height": 32
                    }
                  ]
                }
              ]
            }
          ]
        }
      ]
    }
  }