{
    "item_grid": {
      "type": "array",
      "orientation": "vertical",
      "content": [
        {
          "type": "itemgrid",
          "h_alignment": "center",
          "v_alignment": "center",
          "item_margin": "1,1",
          "item_size": 30,
          "rows": [
            [
              "ocarina",
              "bow",
              "firearrow",
              "icearrow",
              "lightarrow",
              "sword",
              "shield1",
              "spin_attack"
            ],
            [
              "bombs",
              "bombchus",
              "sticks",
              "nuts",
              "beans",
              "bottle_1",
              "bottle_2",
              "bottle_3"
            ],
            [
              "powderkeg",
              "pictobox",
              "lensoftruth",
              "hookshot",
              "gfs",
              "bottle_4",
              "bottle_5",
              "bottle_6"
            ],
            [
              "timecheck",
              "healingcheck",
              "eponacheck",
              "soaringcheck",
              "stormcheck",
              "wallet",
              "magic",
              "moontear"
            ],
            [
              "sonatacheck",
              "lullabycheck",
              "newwavecheck",
              "elegycheck",
              "oathcheck",
              "fairy_ct",
              "roomkey",
              "landdeed"
            ],
            [
              "postmanhat",
              "allnightmask",
              "blastmask",
              "stonemask",
              "fairymask",
              "dekumask",
              "pendant",
              "swampdeed"
            ],
            [
              "keatonmask",
              "bremenmask",
              "bunnyhood",
              "dongeromask",
              "maskofscents",
              "goronmask",
              "kafeiletter",
              "mountaindeed"
            ],
            [
              "romanimask",
              "circusleadermask",
              "kafeimask",
              "couplesmask",
              "maskoftruth",
              "zoramask",
              "express",
              "oceandeed"
            ],
            [
              "kamaromask",
              "gibdomask",
              "garomask",
              "captainhat",
              "giantmask",
              "fiercedeitymask",
              "skull_ss",
              "skull_gb"
            ],
            ["odolwa","","goht","","gyorg","","twinmold"]
          ]
        }
      ]
    }
  }