﻿{
	"layouts": {
		"tracker_default": {
			"type": "container",
			"background": "#000000",
			"content": {
				"type": "dock",
				"dropshadow": true,
				"content": [
                    {
                        "type": "dock",
                        "dock": "left",
                        "content": [
                            {
                                "type": "dock",
                                "dock": "bottom",
                                "v_alignment": "bottom",
                                "content": [
                                    {
                                        "type": "group",
                                        "header": "Items",
                                        "dock": "top",
                                        "content": {
                                            "type": "layout",
                                            "key": "item_grid"
                                        }
                                    },
                                    {
                                        "type": "group",
                                        "header": "Dungeon Items",
                                        "dock": "bottom",
                                        "margin": "0,0,3,0",
                                        "content": {
                                            "type": "layout",
                                            "key": "dungeon_grid"
                                        }
                                    }
                                ]
                            }
                        ]
                    }
                ]
            }
        }
	}
}
